,Job Title,Company,Date Posted,Post Link,Description
0,"Software engineering: Internship opportunities, Ireland, Sta...",Microsoft,Posted30+ days ago,https://ie.indeed.com/rc/clk?jk=131a87f9e63b118a&fccid=734cb5a01ee60f80&vjs=3,"Software engineers (SWEs) work with teammates to solve problems and build innovative software solutions.You are passionate about customers and product quality,…"
1,Frontend Developer,Cadent Sourcing,Posted1 day ago,https://ie.indeed.com/pagead/clk?mo=r&ad=-6NYlbfkN0A1a6JjXjFH9YJ7Ej14g0Iuy87nk3P9IL7YoJbqOSxG2TE_56ZHVaEJqC3LofXK3htRQX05FgSQkvmXi3by5Kc9BhPtRWQ3wB3mJvO2sQlWd6wEoqpohhSgny-kW0BV86kmb0YifthdMgyqZmsT9MeOlPAeIVCKLPZL8blhQngt-rQL3-pwuqZwfqdJkCniBiIZEQDDW_tZ-A4S3dyW67XGn3smuLaZ3Jxg3tFJtrr0kHXeiSmXHSUSMVp9zJlJ7SsN0v0G5wecAjaQnKE0P57RL4cCYf6M4za6lq5aIaWnHZM79rDfF7mXhxliMwJc42coQwu6zMAgKh_dAI1oqhkqI0OMPEOzDvIad7BeQyRN8_6-ZqI3s1vE4Y_YbelQm6WV2pCp1iDHkx2Jwa9gqJVe88qx6Cs1240gnshzfQb-s19whZWlG2YxeyQNKG-ANfziQkREQxjojDed9qmFWF1LnkygSsMLOoYvwZiy7_J_zw==&p=1&fvj=1&vjs=3,"Hybrid work: 2 days in Office, 3 days Remote*.2-3 years experience as a Frontend Developer.Development Experience with Strengths in SASS/LESS (CSS)."
2,Front End Developer,Deloitte,Posted3 days ago,https://ie.indeed.com/rc/clk?jk=eb3ab72f0df4d51f&fccid=9e215d88a6b33622&vjs=3,Deloitte will ensure any reasonable accommodations are implemented as part of the recruitment and selection process.
3,Software Engineering Internship (remote working) (COUSETr250...,European Student Placement Agency (ESPA),Posted30+ days ago,https://ie.indeed.com/rc/clk?jk=a607d4e83e44d5b8&fccid=4d45cd86e15de304&vjs=3,"This is a fantastic role for an enthusiastic student who must be a high-level critical thinker who can identify, analyse, and solve problems systematically."
4,Graduate Software Developer,Pexlify,EmployerActive 1 day ago,https://ie.indeed.com/pagead/clk?mo=r&ad=-6NYlbfkN0DFfUDZfMBTWiNx_0PGYqcMWWDahAHRwZi7Jsl183WdJCfe1C0IFvL7YH4uKrtUh_vAneIMCRwtO8Ho_A6vD9rDMR8ef7d2WW5LcDht5NcpKL88sVjS3XbdpHtTn96RF9FpRTHRK6f9-g00Cubq7nh38-ZgzOtwlEkmqf3hqUWmtcmYnwi6kqJBnrchV4WJ0D71winQwWiD_dmwziZk-FxuBVEMkj1NvMAaIjdTIK4MNPvK-J3GoFqlyzRF7LXK46X2j4LEWAzqAyx3s7_1RsDek6srJGIr5gdzCZe2RlNohpChTzh8Vx5tx-zPCHeca-rRBDjcQ-gAi-3Tf4toOmVkb9JjnrszgA6JSQ4-WihCySuTDfByi1COKzbmstYGihCjt-Db172XPuWonyJWm1CfMlHTiB5puMM4_HKnu6Y6Pyq27JCrFHHdRjS2yB54K_H2o6-HdiMtoxs644ReGhJz3RxQTo282YnspZOiDNeR95OIxGaT5cwV&p=4&fvj=1&vjs=3,"On this exciting program, Pexlify will support you from day one, employing you in a permanent developer role and you will be eligible for Pexlify’s…"
5,Client Facing Technical Support Developer,IBM,Posted2 days ago,https://ie.indeed.com/rc/clk?jk=756eb0a4ed7f5a66&fccid=de71a49b535e21cb&vjs=3,To think along with clients and sell.Providing remote technical support assistance to our clients using Problem Determination (PD) and Problem Source…
6,Junior Software Engineer,Druid Software,Posted30+ days ago,https://ie.indeed.com/rc/clk?jk=7a24b68577865edf&fccid=70279823f54c4809&vjs=3,"Due to the growing demand for our solutions, Druid is expanding its development department and an exciting opportunity exists for a Junior Software Engineer…"
7,Junior Software Engineer,"JPMorgan Chase Bank, N.A.",Posted20 days ago,https://ie.indeed.com/rc/clk?jk=dbf1d2805684d9bc&fccid=aaf3b433897ea465&vjs=3,"Advanced knowledge of application, data, and infrastructure architecture disciplines.Understanding of architecture and design across all systems."
8,Junior Content Developer,Dublin Business School,Posted2 days ago,https://ie.indeed.com/rc/clk?jk=bc28bc17254d57ab&fccid=5014055b1458159d&vjs=3,"In line with our corporate strategy, Dublin Business School is continuing to develop its portfolio of multimodal courses, which is key to our commitment to…"
9,Software Development Internship,Activision,Posted30+ days ago,https://ie.indeed.com/rc/clk?jk=62177ba822c1509b&fccid=71147e0539a0a1b7&vjs=3,New graduates and final year students are encouraged to apply.Demonware provides online software and services for gaming.
10,Software Developer,Druid Software,Posted30+ days ago,https://ie.indeed.com/rc/clk?jk=03aa2dc34cefa092&fccid=70279823f54c4809&vjs=3,"Due to the growing demand for our solutions, Druid is expanding its Development department and an exciting opportunity exists for a Software Engineer to join…"
11,Junior Mobile App Developer,Diona,Posted2 days ago,https://ie.indeed.com/rc/clk?jk=09c48e612efecb55&fccid=2cbe88c822477916&vjs=3,"Diona provide a suite of native mobile applications (iOS, Android and Windows 10) for government agencies.Diona’s case worker solutions enable agency workers…"
12,Graduate Software Developer,IES LTD,Posted6 days ago,https://ie.indeed.com/company/IES-LTD/jobs/Graduate-Software-Developer-273cd2239be1120b?fccid=0c8fb5d43a539cf3&vjs=3,This role will be working from our Dublin office with hybrid and flexible working options available.The successful candidate will be working within a dynamic…
13,C# .Net Core Developer Junior,Reganam Ltd,EmployerActive 1 day ago,https://ie.indeed.com/pagead/clk?mo=r&ad=-6NYlbfkN0Bjr_TiQvs1Gvwq_DxqQZR0cLNtfyHOorxnaelh4sMeSwhoqhAUPWJIO8wwJ09_IPBVgzTO9EQLfJUIAATRfEVL5IjZH9_m_jrRMfckLwXonzIDj0TAD3-lp_EgZuvWXGBEzGk7WJqxYAs9lCD7_h_5Al76cTiM7_blEIwcQGTZGJxiXR2e4O_H8SE5Ty2d02skyjLdYyLcAZBdIqDqPjeXItmCxkXkeHqYJBfh3GqhhWlIP1uwunL6nrc2BoIatgJvoy0qGXAlisAZPqxGJNY8TI_Nybpe98iGPOIVbuYwFe2WZoXxTVUDRVA2uaCCygH-H4tAzLaVWnHi058000-gzb-RVbUvgnK2iyQmkz5-mhC2Tv5SBbEFCXykCS9PiWmFW2YR34DotZYYOChQcGqWwFLyKCQ5FzyJuKA8w33JGt-AdgEplS__pRT3n4HzHHCLfhmMBxM8ObtAvaaQfZ7fK2_oycNsCbf52JvO2CMaPlUDB4DWCsYX&p=13&fvj=1&vjs=3,Part-time hours: 20 per week.
14,Graduate Software Development Engineer,Intel,Posted21 days ago,https://ie.indeed.com/rc/clk?jk=accb1baf4d112e84&fccid=936367796261bd6e&vjs=3,"Specific technical activities will vary depending on which team a candidate is placed and in all cases, you will be working on our current cutting-edge…"
15,Munich Re Automation Solutions jobs,Munich Re Automation Solutions,Posted1 day ago,https://ie.indeed.com/Munich-Re-Automation-Solutions-jobs,"Help build software components that are robust, reliable, testable, and easy for other developers to understand.Contribute to the knowledge base."
16,AccountsIQ,AccountsIQ,Posted16 days ago,https://ie.indeed.com/cmp/Accountsiq-Limited,"As a full stack intern, reporting to the Head of Engineering, you will have the opportunity to collaborate with an international team."
17,General Motors,General Motors,Posted1 day ago,https://ie.indeed.com/cmp/General-Motors,"For this developer role within General Motors, you are responsible for developing software applications using sound, repeatable, industry standard methodologies…"
18,Oracle,Oracle,Posted10 days ago,https://ie.indeed.com/cmp/Oracle,"Applicants are required to read, write, and speak the following languages: English.You will join a team that is responsible for designing and building Web UI’s…"
19,Unique Way Limited jobs,Unique Way Limited,Posted2 days ago,https://ie.indeed.com/Unique-Way-Limited-jobs,We are looking out for a Flutter Developer with some Angular knowledge who will be running and designing product application features across various cross…
20,Bonkers Money jobs,Bonkers Money,Posted30+ days ago,https://ie.indeed.com/Bonkers-Money-jobs,"Assist in mentoring junior developers by encouraging collaboration, participation, and creative thinking.Communicate effectively with creative leads, client…"
21,"JPMorgan Chase Bank, N.A. jobs","JPMorgan Chase Bank, N.A.",Posted6 days ago,"https://ie.indeed.com/JPMorgan-Chase-Bank,-N.a.-jobs","Much of our support and software development focuses on optimizing existing systems, building infrastructure and eliminating work through automation."
22,Deloitte,Deloitte,Posted30+ days ago,https://ie.indeed.com/cmp/Deloitte,Deloitte will ensure any reasonable accommodations are implemented as part of the recruitment and selection process.
23,Bynaric jobs,Bynaric,Posted3 days ago,https://ie.indeed.com/Bynaric-jobs,Previous working experience as a PHP / Laravel developer for at least 2 year(s).Coordinate with co-developers and keep project manager well informed of the…
24,Citi,Citi,Posted4 days ago,https://ie.indeed.com/cmp/Citi,The Applications Development Intermediate Programmer Analyst is an intermediate level position responsible for participation in the establishment and…
25,Intuition jobs,Intuition,Posted30+ days ago,https://ie.indeed.com/Intuition-jobs,"The Multimedia team of developers works within a wider team of writers, editors and designers building high-end learning materials for a multi-screen, multi…"
26,Microsoft,Microsoft,Posted6 days ago,https://ie.indeed.com/cmp/Microsoft,"Experienced developer: your code is maintainable, elegant and testable.The Product Release and Security Services (PRSS) engineering team manages a portfolio of…"
27,Version 1,Version 1,Posted30+ days ago,https://ie.indeed.com/cmp/Version-1,Expected to have a good understanding of the design & build phase of the project lifecycle.Coding new developments and / or enhancements as defined in a…
28,Salesforce,Salesforce,Posted30+ days ago,https://ie.indeed.com/cmp/Salesforce,"Salesforce TMP (Technology, Marketing and Products) is looking for someone who can drive the technical solution to automate the tracking and reporting of…"
29,"Guidewire Software, Inc.","Guidewire Software, Inc.",Posted30+ days ago,"https://ie.indeed.com/cmp/Guidewire-Software,-Inc.",Jutro enables developers to seamlessly develop Guidewire applications for customers and empowers designers to create consistent and cohesive user experience…
30,"Graduate Consultant Developer - Front-End - Dublin, Ireland","Guidewire Software, Inc.",Posted30+ days ago,https://ie.indeed.com/rc/clk?jk=6537dea847136476&fccid=be90d89fb010b0bf&vjs=3,Jutro enables developers to seamlessly develop Guidewire applications for customers and empowers designers to create consistent and cohesive user experience…
31,"Developer Relations Engineer, Reliable Software Delivery and...",Google,Posted8 days ago,https://ie.indeed.com/rc/clk?jk=6bffa222c0716ff0&fccid=a5b4499d9e91a5c6&vjs=3,"Bachelor's degree in Computer Science, Engineering, or a related field, or equivalent practical experience.Experience developing, delivering, and/or operating…"
32,Junior Software Engineer,RELX,Posted30+ days ago,https://ie.indeed.com/rc/clk?jk=acb1849f716d9b3a&fccid=098f028fec64b983&vjs=3,"You will be responsible for implementing, and delivering scalable and robust enterprise software solutions.Eager to review code and able to communicate clearly…"
33,"Graduate Consultant Developer - Dublin, Ireland","Guidewire Software, Inc.",Posted30+ days ago,https://ie.indeed.com/rc/clk?jk=575208723163a71b&fccid=be90d89fb010b0bf&vjs=3,Interest in talking to customers and working in a role that values communication and presentation skills highly.Awareness of Object-Oriented Design principles.
34,"Software Engineer, International Experience",Etsy,Posted7 days ago,https://ie.indeed.com/rc/clk?jk=a5cd8955b3d92d1f&fccid=9ecb91618c39a24f&vjs=3,Our International Experience product group is looking for Software Engineers to collaborate in building trustworthy software and outstanding user experiences.
35,Front End Developer,Spectrum.Life,EmployerActive 2 days ago,https://ie.indeed.com/rc/clk?jk=cf21952ffc26bca5&fccid=461f6d9adbc9141a&vjs=3,Develop new user-facing using Vue.js as primary front-end framework.Build reusable code and libraries for future use.
36,Software Developer,"WiLine Networks, Inc",EmployerActive 18 days ago,"https://ie.indeed.com/company/WiLine-Networks,-Inc/jobs/Software-Developer-0c14201981cc7c2b?fccid=c29099fa026e785f&vjs=3",WiLine was founded with the vision of delivering enterprise-grade internet connectivity at an affordable price to businesses of all sizes throughout the San…
37,Junior Sports Trader,Pointsbet,Posted30+ days ago,https://ie.indeed.com/rc/clk?jk=14f87e3349e92fa3&fccid=0f28a2778c8eb0eb&vjs=3,"Live trading of sports, with a key focus on live trading of Golf.Risk management of sports events - process bets in accordance with risk management strategy."
38,Associate Software Developer,Ellucian,Posted4 days ago,https://ie.indeed.com/rc/clk?jk=b082e07175d24c97&fccid=298217a26e89e68e&vjs=3,"You will participate in the design, development, and delivery of new solutions for the next generation of Higher Education products."
39,Front-end Web Developer,Luxoft,Posted23 days ago,https://ie.indeed.com/rc/clk?jk=c8c4bf0ab2c2c408&fccid=4b841d912d46e4fd&vjs=3,"The successful candidate will be responsible for the design and technical implementation of front end components and user interfaces, creating innovative…"
40,Junior Software Engineer,Risk Solutions,Posted30+ days ago,https://ie.indeed.com/rc/clk?jk=1cfd5087cf51ced0&fccid=06206ab329e0eb22&vjs=3,"You will be responsible for implementing, and delivering scalable and robust enterprise software solutions.Eager to review code and able to communicate clearly…"
41,Product Developer,UBS,Posted11 days ago,https://ie.indeed.com/rc/clk?jk=5c8510c3fa4c9361&fccid=1c76c3a36f6c7557&vjs=3,"Lead launch projects focusing on Equity, Fixed Income and Multi Asset traditional funds diving into activities including portfolio management, regulatory,…"
42,Full Stack Developer,3 Ireland,Posted30+ days ago,https://ie.indeed.com/rc/clk?jk=118cbd44102ccd2c&fccid=a3af0ea23e623ebf&vjs=3,"Three Ireland`s Digital team helps develop highly custom websites and digital services and solutions with innovative features that function flawlessly, each and…"
43,Software Engineering: Full Time Opportunities for University...,Microsoft,Posted30+ days ago,https://ie.indeed.com/rc/clk?jk=e08d72baa6eb6421&fccid=734cb5a01ee60f80&vjs=3,"Software engineers (SWEs) work with teammates to solve problems and build innovative software solutions.You are passionate about customers and product quality,…"
44,Front End Developer,DEPT®,Posted16 days ago,https://ie.indeed.com/rc/clk?jk=04882903123c0d4a&fccid=8b05e8367ae5814d&vjs=3,"2+ years front end development experience.Experience with modern JavaScript & TypeScript frameworks, we primarily use React and Nextjs but also have some…"
45,"1 Year, Day Rate - .net Developer",Ergo,Posted3 days ago,https://ie.indeed.com/rc/clk?jk=a23f1bed3dea55f5&fccid=074555cbff44af1b&vjs=3,"Job Title: 1 Year, Day Rate - .net Developer.Ergo are currently seeking to recruit a .net Developer for a 1 years day rate contract that should renew."
46,Backend Developer (Remote),Layer,Posted30+ days ago,https://ie.indeed.com/rc/clk?jk=7a3440cab743a5b3&fccid=dec865029797a382&vjs=3,Our platform gives financial institutions the speed and flexibility to deliver far superior customer experiences with an increased set of digital capabilities…
47,Developer,PROVIDENT C.R.M.,Posted3 days ago,https://ie.indeed.com/rc/clk?jk=98505dd6548f84b6&fccid=1e9b3e71293423cb&vjs=3,"As a member of the Provident CRM Delivery team, the Developer plays a major part in designing, delivering and maintaining our customer’s software systems."
48,Junior BackEnd Engineer,Rebrandly,Posted30+ days ago,https://ie.indeed.com/company/Rebrandly/jobs/Junior-Backend-Engineer-a38d73d018716630?fccid=d7e7957edc72c83a&vjs=3,Develop endpoints to support existing event-driven architecture.Improve overall integration tests coverage.Bachelor’s degree in Computer Science or equivalent…
49,Junior Full Stack Software Developer,Eurofins Ireland,Posted15 days ago,https://ie.indeed.com/rc/clk?jk=c60707e48757d868&fccid=0103b659ed7b1a80&vjs=3,You will working alongside Full Stack Developers with several years of experience and you will be exposed to the most up-to-date Software Development…
50,Front End Developer,SoftwareONE,Posted11 days ago,https://ie.indeed.com/rc/clk?jk=59eac553ca9a711e&fccid=087aaf21c7121482&vjs=3,"Insights will allow customers to benchmark their maturity in the space of spend and technology, while Digital will revolutionize how customers will interact…"
51,T24 Developer,Link Group,Posted30+ days ago,https://ie.indeed.com/rc/clk?jk=4a57d678da88ee6f&fccid=7ab5f4f72fdce966&vjs=3,T24 is the main core banking system underpinning most of the solutions provided by Link Group in Ireland.This role will develop new T24 functionality based on…
52,FULL STACK SOFTWARE ENGINEER,DraftKings,Posted30 days ago,https://ie.indeed.com/rc/clk?jk=02340d8ad486db7d&fccid=2b2d6f212948082d&vjs=3,You will be assigned directly to one of these teams and will work alongside senior engineers responsible for bringing you up to speed.
53,Content Developer,Microsoft,Posted30+ days ago,https://ie.indeed.com/rc/clk?jk=9d16a5b5355a905e&fccid=734cb5a01ee60f80&vjs=3,Background as a developer or as someone in a DevOps role is helpful.You’ll use your writing expertise to help create a range of content across modalities:…
54,Software Developer,Accenture,Posted30+ days ago,https://ie.indeed.com/rc/clk?jk=815e31c37a996d10&fccid=a4e4e2eaf26690c9&vjs=3,"You will work closely with our clients typically using modern agile work practices.An honors degree or post-graduate qualification in computer science,…"
55,Software Engineering - Python,"JPMorgan Chase Bank, N.A.",Posted6 days ago,https://ie.indeed.com/rc/clk?jk=cdae2fd27144e861&fccid=aaf3b433897ea465&vjs=3,"BS/BA degree or equivalent experience.Advanced knowledge of application, data, and infrastructure architecture disciplines."
56,"ICG Graduate Software Engineer, Dublin (Europe, Middle East...",Citi,Posted30+ days ago,https://ie.indeed.com/rc/clk?jk=3cb3b8becf7e7592&fccid=5bcd1ef0a7f4fb99&vjs=3,"Graduate Software Engineer’s participate in an intensive training program, where they receive in-depth education to learn the fundamentals of the application…"
57,Java Developer,Zurich Insurance,Posted30+ days ago,https://ie.indeed.com/rc/clk?jk=e706db5d9c1634d5&fccid=40f6e1ba1aac8472&vjs=3,4-5 years plus experience in a similar Java/J2EE software developer role.Zurich Life Ireland’s IT department is comprised of ten competency centres reporting…
58,"UI Developer (Spotfire, JavaScript)",Idiro Analytics,Posted30+ days ago,https://ie.indeed.com/rc/clk?jk=839cdef3cec70065&fccid=57c2ac5a53552854&vjs=3,"We are looking for a creative, skilled UI developer to prototype visualization-heavy applications in Spotfire, and potentially productionizing one or more of…"
59,Full Stack Developer - Ireland Remote,Medable,Posted30+ days ago,https://ie.indeed.com/rc/clk?jk=904592895c3fc355&fccid=ac335809a76fe9e0&vjs=3,"We provide an end-to-end, cloud-based platform with a flexible suite of tools that allows patients, healthcare providers, clinical research organizations and…"
60,Zurich Insurance,Zurich Insurance,Posted30+ days ago,https://ie.indeed.com/cmp/Zurich-Insurance-9,4-5 years plus experience in a similar Java/J2EE software developer role.Zurich Life Ireland’s IT department is comprised of ten competency centres reporting…
61,Idiro Analytics jobs,Idiro Analytics,Posted30+ days ago,https://ie.indeed.com/Idiro-Analytics-jobs,"We are looking for a creative, skilled UI developer to prototype visualization-heavy applications in Spotfire, and potentially productionizing one or more of…"
62,Medable jobs,Medable,Posted30+ days ago,https://ie.indeed.com/Medable-jobs,"We provide an end-to-end, cloud-based platform with a flexible suite of tools that allows patients, healthcare providers, clinical research organizations and…"
63,"JPMorgan Chase Bank, N.A. jobs","JPMorgan Chase Bank, N.A.",Posted8 days ago,"https://ie.indeed.com/JPMorgan-Chase-Bank,-N.a.-jobs","Working as full stack Java developer on technologies like ReactJS, Java, Spring, Oracle, MQ and whole range of SDLC toolset including CI/CD."
64,Clifden Recruitment jobs,Clifden Recruitment,Posted30+ days ago,https://ie.indeed.com/Clifden-Recruitment-jobs,A rapidly growing start-up IT company is seeking an experienced PHP Developer to write relevant PHP code solutions that can be used in multiple projects in a…
65,Optum,Optum,Posted23 days ago,https://ie.indeed.com/cmp/Optum,Careers with Optum offer flexible work arrangements and individuals who live and work in the Republic of Ireland will have the opportunity to split their…
66,Microsoft,Microsoft,Posted30+ days ago,https://ie.indeed.com/cmp/Microsoft,"Work in a combined engineering organization to drive design, development, testing and release of web client / services that enhances customer experiences as…"
67,Microsoft,Microsoft,Posted30+ days ago,https://ie.indeed.com/cmp/Microsoft,"For the most important Azure services and products, Azure Reliability adopts the Site Reliability Engineering (SRE) approach, where skilled teams of software…"
68,Amazon DS Ireland Limited,Amazon DS Ireland Limited,Posted30+ days ago,https://ie.indeed.com/cmp/Amazon.com,"Graduated less than six months ago or about to complete a Bachelor’s or Master’s Degree in Computer Science, Computer Engineering, or related fields at time of…"
69,"Fiserv, Inc.","Fiserv, Inc.",Posted2 days ago,https://ie.indeed.com/cmp/Fiserv,"Assist in the implementation of technical solutions within a collaborative, high trust, solutions delivery team that will contain other developers, test and…"
70,The Coca-Cola Company,The Coca-Cola Company,Posted7 days ago,https://ie.indeed.com/cmp/The-Coca--cola-Company,Develops deep understanding of the technologies within our scope in order to closely partner with developers to resolve issues and accurately estimate work.
71,"Guidewire Software, Inc.","Guidewire Software, Inc.",Posted30+ days ago,"https://ie.indeed.com/cmp/Guidewire-Software,-Inc.","At the end of your internship, you will be able to present a new product capability to our consultants, partners, and leaders within Delivery Services, Sales,…"
72,Optum,Optum,Posted23 days ago,https://ie.indeed.com/cmp/Optum,"As Lead Developer, you will be a key part of driving development and testing of our Data Resolution and risk engine which is being built with an Agile approach."
73,Kianda Technologies jobs,Kianda Technologies,Posted3 days ago,https://ie.indeed.com/Kianda-Technologies-jobs,"If you have a technical background but would prefer to work with designing training solutions for clients without the need to code, this role could be for you."
74,Deloitte,Deloitte,Posted30+ days ago,https://ie.indeed.com/cmp/Deloitte,Deloitte will ensure any reasonable accommodations are implemented as part of the recruitment and selection process.
